,Conditions,R2s,Type
22,W_1,0.07608647,Beijing Strain
23,W_2,0.075289863,Beijing Strain
24,W_3,0.076905806,Beijing Strain
25,W_D516V_1,0.074105464,D516 Mutant
26,W_D516V_2,0.07174677,D516 Mutant
27,W_D516V_3,0.07084565,D516 Mutant
28,W_H526D_1,0.067974878,H526D Mutant
29,W_H526R_1,0.070739088,H526R Mutant
30,W_H526R_2,0.07606483,H526R Mutant
31,W_H526R_3,0.071809318,H526R Mutant
32,W_S531L_1,0.080969112,S531L Mutant
33,W_S531L_2,0.081649166,S531L Mutant
34,W_S531L_3,0.0783178,S531L Mutant
